Keyword,Volume,KD,Intent
compress pdf,110000,74,Commercial
how to compress a pdf,27100,69,Informational
pdf compress,14800,73,Transactional
compress pdf free,12100,69,Transactional
compressing pdf documents,12000,81,Transactional
reduce pdf size,5000,60,Informational
shrink pdf,4000,55,Informational
how to shrink pdf file size,3000,57,Informational
private pdf compressor,2000,52,Informational
secure pdf compressor,2000,50,Informational
pdf compressor chrome extension,1500,48,Transactional
compress pdf offline,1200,47,Informational
